# This is normalization information calculated 2024-02-28 at time 02-25-27
# Done with git-revision: unknown
# Data files used to calculate normalization information:
#     ./SI_Toolkit_ASF/Experiments/Experiment-14/Recordings/Train/Experiment-1.csv
#     ./SI_Toolkit_ASF/Experiments/Experiment-14/Recordings/Train/Experiment-10.csv
#     ./SI_Toolkit_ASF/Experiments/Experiment-14/Recordings/Train/Experiment-11.csv
#     ./SI_Toolkit_ASF/Experiments/Experiment-14/Recordings/Train/Experiment-12.csv
#     ./SI_Toolkit_ASF/Experiments/Experiment-14/Recordings/Train/Experiment-13.csv
#     ./SI_Toolkit_ASF/Experiments/Experiment-14/Recordings/Train/Experiment-14.csv
#     ./SI_Toolkit_ASF/Experiments/Experiment-14/Recordings/Train/Experiment-15.csv
#     ./SI_Toolkit_ASF/Experiments/Experiment-14/Recordings/Train/Experiment-16.csv
#     ./SI_Toolkit_ASF/Experiments/Experiment-14/Recordings/Train/Experiment-17.csv
#     ./SI_Toolkit_ASF/Experiments/Experiment-14/Recordings/Train/Experiment-18.csv
#     ./SI_Toolkit_ASF/Experiments/Experiment-14/Recordings/Train/Experiment-19.csv
#     ./SI_Toolkit_ASF/Experiments/Experiment-14/Recordings/Train/Experiment-2.csv
#     ./SI_Toolkit_ASF/Experiments/Experiment-14/Recordings/Train/Experiment-20.csv
#     ./SI_Toolkit_ASF/Experiments/Experiment-14/Recordings/Train/Experiment-21.csv
#     ./SI_Toolkit_ASF/Experiments/Experiment-14/Recordings/Train/Experiment-22.csv
#     ./SI_Toolkit_ASF/Experiments/Experiment-14/Recordings/Train/Experiment-23.csv
#     ./SI_Toolkit_ASF/Experiments/Experiment-14/Recordings/Train/Experiment-24.csv
#     ./SI_Toolkit_ASF/Experiments/Experiment-14/Recordings/Train/Experiment-25.csv
#     ./SI_Toolkit_ASF/Experiments/Experiment-14/Recordings/Train/Experiment-26.csv
#     ./SI_Toolkit_ASF/Experiments/Experiment-14/Recordings/Train/Experiment-27.csv
#     ./SI_Toolkit_ASF/Experiments/Experiment-14/Recordings/Train/Experiment-28.csv
#     ./SI_Toolkit_ASF/Experiments/Experiment-14/Recordings/Train/Experiment-29.csv
#     ./SI_Toolkit_ASF/Experiments/Experiment-14/Recordings/Train/Experiment-3.csv
#     ./SI_Toolkit_ASF/Experiments/Experiment-14/Recordings/Train/Experiment-30.csv
#     ./SI_Toolkit_ASF/Experiments/Experiment-14/Recordings/Train/Experiment-31.csv
#     ./SI_Toolkit_ASF/Experiments/Experiment-14/Recordings/Train/Experiment-32.csv
#     ./SI_Toolkit_ASF/Experiments/Experiment-14/Recordings/Train/Experiment-33.csv
#     ./SI_Toolkit_ASF/Experiments/Experiment-14/Recordings/Train/Experiment-34.csv
#     ./SI_Toolkit_ASF/Experiments/Experiment-14/Recordings/Train/Experiment-35.csv
#     ./SI_Toolkit_ASF/Experiments/Experiment-14/Recordings/Train/Experiment-36.csv
#     ./SI_Toolkit_ASF/Experiments/Experiment-14/Recordings/Train/Experiment-37.csv
#     ./SI_Toolkit_ASF/Experiments/Experiment-14/Recordings/Train/Experiment-38.csv
#     ./SI_Toolkit_ASF/Experiments/Experiment-14/Recordings/Train/Experiment-39.csv
#     ./SI_Toolkit_ASF/Experiments/Experiment-14/Recordings/Train/Experiment-4.csv
#     ./SI_Toolkit_ASF/Experiments/Experiment-14/Recordings/Train/Experiment-5.csv
#     ./SI_Toolkit_ASF/Experiments/Experiment-14/Recordings/Train/Experiment-6.csv
#     ./SI_Toolkit_ASF/Experiments/Experiment-14/Recordings/Train/Experiment-7.csv
#     ./SI_Toolkit_ASF/Experiments/Experiment-14/Recordings/Train/Experiment-8.csv
#     ./SI_Toolkit_ASF/Experiments/Experiment-14/Recordings/Train/Experiment-9.csv
#     ./SI_Toolkit_ASF/Experiments/Experiment-14/Recordings/Train/Experiment.csv
#
# Original (calculated from data) Normalization Information:
#,         ,      ,         ,L,         ,Q_applied,         ,Q_calculated,         ,Q_update_time,         ,angle,         ,angleD,         ,angleDD,         ,angle_cos,         ,angle_sin,         ,position,         ,positionD,         ,positionDD,         ,target_equilibrium,         ,target_position,         ,u,         
#,           ,mean,           ,0.1975,           ,0.00042,           ,0.00117,           ,0.03367,           ,0.01497,           ,-0.0215,           ,0.00489,           ,0.29482,           ,-0.00048,           ,0.00213,           ,0.00028,           ,-0.00085,           ,0.61113,           ,0.00294,           ,0.0011,           
#,           ,std,           ,0.0,           ,0.84009,           ,0.67524,           ,0.00239,           ,1.63075,           ,3.63327,           ,27.84407,           ,0.8483,           ,0.43985,           ,0.08979,           ,0.31464,           ,6.91598,           ,0.79153,           ,0.09415,           ,2.20105,           
#,           ,max,           ,0.1975,           ,3.45131,           ,1.0,           ,0.0725,           ,3.14159,           ,21.20846,           ,149.4316,           ,1.0,           ,1.0,           ,0.18849,           ,1.29035,           ,38.14955,           ,1.0,           ,0.1584,           ,9.04242,           
#,           ,min,           ,0.1975,           ,-3.22717,           ,-1.0,           ,0.02201,           ,-3.14159,           ,-22.31282,           ,-146.51372,           ,-1.0,           ,-1.0,           ,-0.19525,           ,-1.14834,           ,-38.20432,           ,-1.0,           ,-0.1584,           ,-8.45518,           
#
# Does user modified normalization info calculated from data?: No
#
# Normalization Information:
,L,Q_applied,Q_calculated,Q_update_time,angle,angleD,angleDD,angle_cos,angle_sin,position,positionD,positionDD,target_equilibrium,target_position,u
mean,0.1975,0.00042,0.00117,0.03367,0.01497,-0.0215,0.00489,0.29482,-0.00048,0.00213,0.00028,-0.00085,0.61113,0.00294,0.0011
std,0.0,0.84009,0.67524,0.00239,1.63075,3.63327,27.84407,0.8483,0.43985,0.08979,0.31464,6.91598,0.79153,0.09415,2.20105
max,0.1975,3.45131,1.0,0.0725,3.14159,21.20846,149.4316,1.0,1.0,0.18849,1.29035,38.14955,1.0,0.1584,9.04242
min,0.1975,-3.22717,-1.0,0.02201,-3.14159,-22.31282,-146.51372,-1.0,-1.0,-0.19525,-1.14834,-38.20432,-1.0,-0.1584,-8.45518
